model,roc_auc,brier,threshold_best_f1,accuracy@0.5,precision@0.5,recall@0.5,f1@0.5,accuracy@best,precision@best,recall@best,f1@best,n_features,cv_auc_mean,cv_auc_std
logreg_business_calibrated,0.7276623576485073,0.14983529325383163,0.23093805723391284,0.7940503432494279,0.631578947368421,0.12631578947368421,0.21052631578947367,0.7528604118993135,0.44298245614035087,0.531578947368421,0.48325358851674644,21,0.7011751447691079,0.02028393195652214
